{
    "Wajsia": {
        "Android Alley": 160.6593017578125,
        "Assembly Lane": 161.8310546875,
        "Barin Ruins": 107.006103515625,
        "Blizzard Bluff": 71.67138671875,
        "Clockwork Wumpa": 116.05029296875,
        "Coco Park": 76.04345703125,
        "Cortex Castle": 115.6812744140625,
        "Crash Cove": 79.0125732421875,
        "Deep Sea Driving": 109.74365234375,
        "Dingo Canyon": 87.6883544921875,
        "Dragon Mines": 87.7183837890625,
        "Electron Avenue": 180.479736328125,
        "Gingerbread Joyride": 116.382080078125,
        "Hot Air Skyway": 137.4696044921875,
        "Hyper Spaceway": 109.2081298828125,
        "Inferno Island": 93.225341796875,
        "Jungle Boogie": 78.3134765625,
        "Koala Carnival": 102.3704833984375,
        "Meteor Gorge": 85.6846923828125,
        "Mystery Caves": 117.9190673828125,
        "N.Gin Labs": 131.231689453125,
        "Nina's Nightmare": 112.4774169921875,
        "Out of Time": 123.52197265625,
        "Oxide Station": 172.3045654296875,
        "Papu's Pyramid": 87.3577880859375,
        "Polar Pass": 121.1207275390625,
        "Prehistoric Playground": 147.547607421875,
        "Retro Stadium": 106.8404541015625,
        "Roo's Tubes": 76.47314453125,
        "Sewer Speedway": 107.2412109375,
        "Slide Coliseum": 102.9359130859375,
        "Spyro Circuit": 134.2349853515625,
        "Thunder Struck": 132.298583984375,
        "Tiger Temple": 89.2550048828125,
        "Tiny Arena": 188.655029296875,
        "Tiny Temple": 100.032958984375,
        "Turbo Track": 97.7965087890625,
        "Twilight Tour": 136.5013427734375
    },
    "mati1212": {
        "Android Alley": 149.5516357421875,
        "Assembly Lane": 144.4132080078125,
        "Barin Ruins": 102.6043701171875,
        "Blizzard Bluff": 70.5716552734375,
        "Clockwork Wumpa": 117.6868896484375,
        "Coco Park": 76.1097412109375,
        "Cortex Castle": 111.98095703125,
        "Crash Cove": 78.1787109375,
        "Deep Sea Driving": 99.267822265625,
        "Dingo Canyon": 86.4219970703125,
        "Dragon Mines": 77.8780517578125,
        "Electron Avenue": 182.3841552734375,
        "Gingerbread Joyride": 114.21533203125,
        "Hot Air Skyway": 130.49853515625,
        "Hyper Spaceway": 108.3084716796875,
        "Inferno Island": 93.1949462890625,
        "Jungle Boogie": 73.676025390625,
        "Koala Carnival": 97.9334716796875,
        "Meteor Gorge": 83.916259765625,
        "Mystery Caves": 114.7498779296875,
        "N.Gin Labs": 133.0028076171875,
        "Nina's Nightmare": 109.04296875,
        "Out of Time": 114.1478271484375,
        "Oxide Station": 161.095458984375,
        "Papu's Pyramid": 87.3551025390625,
        "Polar Pass": 120.3533935546875,
        "Prehistoric Playground": 141.77685546875,
        "Retro Stadium": 95.29736328125,
        "Roo's Tubes": 75.6080322265625,
        "Sewer Speedway": 104.6058349609375,
        "Slide Coliseum": 99.7325439453125,
        "Spyro Circuit": 132.0662841796875,
        "Thunder Struck": 116.9854736328125,
        "Tiger Temple": 86.5528564453125,
        "Tiny Arena": 178.71337890625,
        "Tiny Temple": 99.4007568359375,
        "Turbo Track": 90.79150390625,
        "Twilight Tour": 131.633544921875
    },
    "myjniak": {
        "Android Alley": 150.2833251953125,
        "Assembly Lane": 144.9132080078125,
        "Barin Ruins": 104.505615234375,
        "Blizzard Bluff": 70.70458984375,
        "Clockwork Wumpa": 114.748046875,
        "Coco Park": 77.2445068359375,
        "Cortex Castle": 111.011962890625,
        "Crash Cove": 78.679443359375,
        "Deep Sea Driving": 102.6693115234375,
        "Dingo Canyon": 90.79150390625,
        "Dragon Mines": 78.179443359375,
        "Electron Avenue": 183.8175048828125,
        "Gingerbread Joyride": 113.8472900390625,
        "Hot Air Skyway": 131.5992431640625,
        "Hyper Spaceway": 107.541748046875,
        "Inferno Island": 95.6290283203125,
        "Jungle Boogie": 76.410400390625,
        "Koala Carnival": 100.9022216796875,
        "Meteor Gorge": 85.118408203125,
        "Mystery Caves": 117.3170166015625,
        "N.Gin Labs": 131.0989990234375,
        "Nina's Nightmare": 112.3128662109375,
        "Out of Time": 113.6142578125,
        "Oxide Station": 162.9312744140625,
        "Papu's Pyramid": 84.5538330078125,
        "Polar Pass": 121.1900634765625,
        "Prehistoric Playground": 151.1864013671875,
        "Retro Stadium": 106.5421142578125,
        "Roo's Tubes": 75.4415283203125,
        "Sewer Speedway": 105.505126953125,
        "Slide Coliseum": 99.5997314453125,
        "Spyro Circuit": 137.6387939453125,
        "Thunder Struck": 115.2493896484375,
        "Tiger Temple": 88.4224853515625,
        "Tiny Arena": 179.0477294921875,
        "Tiny Temple": 99.6666259765625,
        "Turbo Track": 93.927978515625,
        "Twilight Tour": 133.1009521484375
    }
}